host_rate,string,bend_semitones,hand_t60,early_rms,late_rms,late_db_relative_open,measured_added_t60
44100,0,-2,0.119999997,0.000146214237,1.11398782e-08,-113.936467,0.120439244
44100,0,-2,1.60000002,0.0044530329,0.00189288418,-9.33159455,1.60162087
44100,0,0,0.119999997,0.000185267192,1.70916281e-08,-110.421223,0.120232181
44100,0,0,1.60000002,0.00464531982,0.00194102649,-9.31626273,1.59912239
44100,0,2,0.119999997,0.000135449613,1.98203276e-08,-109.244767,0.119671824
44100,0,2,1.60000002,0.00447132047,0.00198095371,-9.24949664,1.59764173
44100,3,-2,0.119999997,0.000180541056,2.63858103e-08,-107.04602,0.121637597
44100,3,-2,1.60000002,0.00483349044,0.00210723798,-8.99915671,1.61068607
44100,3,0,0.119999997,0.000199384979,2.32523024e-08,-108.081244,0.119736363
44100,3,0,1.60000002,0.00484434766,0.00208749458,-9.01805603,1.5980782
44100,3,2,0.119999997,0.000195883036,2.57234984e-08,-107.219719,0.120067989
44100,3,2,1.60000002,0.00487917928,0.00209993825,-8.98218922,1.60006117
44100,7,-2,0.119999997,0.000235037611,2.84107594e-08,-106.211641,0.119965784
44100,7,-2,1.60000002,0.00493301352,0.00208967624,-8.87971799,1.59976528
44100,7,0,0.119999997,0.000239022325,2.94716978e-08,-105.917896,0.12000073
44100,7,0,1.60000002,0.00494465684,0.00209932067,-8.86442367,1.59992448
44100,7,2,0.119999997,0.000237270778,2.90947049e-08,-106.030239,0.11998825
44100,7,2,1.60000002,0.00492970176,0.00209775022,-8.87144262,1.60005094
48000,0,-2,0.119999997,0.00014618575,1.11217112e-08,-113.929238,0.120439426
48000,0,-2,1.60000002,0.00444562289,0.00188846787,-9.33047856,1.60160409
48000,0,0,0.119999997,0.000185252828,1.70861577e-08,-110.421141,0.120230078
48000,0,0,1.60000002,0.00464413345,0.00194038516,-9.31626991,1.59910477
48000,0,2,0.119999997,0.00013540422,1.98158766e-08,-109.241912,0.119671269
48000,0,2,1.60000002,0.00446890846,0.00197994467,-9.2491164,1.59762713
48000,3,-2,0.119999997,0.000180464307,2.63805725e-08,-107.043691,0.121641442
48000,3,-2,1.60000002,0.00483140783,0.00210632149,-8.99888163,1.61074185
48000,3,0,0.119999997,0.000199377222,2.32516583e-08,-108.08118,0.119736512
48000,3,0,1.60000002,0.00484413513,0.00208744633,-9.01795219,1.5980813
48000,3,2,0.119999997,0.000195882383,2.57249488e-08,-107.219063,0.120068176
48000,3,2,1.60000002,0.00487924136,0.00209996146,-8.98192701,1.60006502
48000,7,-2,0.119999997,0.000235100577,2.84217573e-08,-106.212052,0.119966075
48000,7,-2,1.60000002,0.00493486647,0.0020906148,-8.87959049,1.59976805
48000,7,0,0.119999997,0.00023902311,2.94741091e-08,-105.91804,0.120000823
48000,7,0,1.60000002,0.00494490171,0.00209954189,-8.86436262,1.59992579
48000,7,2,0.119999997,0.000237272811,2.90968481e-08,-106.029977,0.119988399
48000,7,2,1.60000002,0.00492998817,0.002097901,-8.87119604,1.60005291
96000,0,-2,0.119999997,0.000146196896,1.11256734e-08,-113.93438,0.120440741
96000,0,-2,1.60000002,0.00444852599,0.00189014128,-9.33102112,1.60163348
96000,0,0,0.119999997,0.000185342078,1.71090724e-08,-110.455339,0.120222971
96000,0,0,1.60000002,0.00466338268,0.00195044269,-9.31720397,1.59898643
96000,0,2,0.119999997,0.000135581337,1.98375159e-08,-109.263564,0.119676229
96000,0,2,1.60000002,0.00448410382,0.00198657127,-9.25122701,1.59774151
96000,3,-2,0.119999997,0.000180450289,2.63771332e-08,-107.045241,0.121647141
96000,3,-2,1.60000002,0.00483177803,0.00210638608,-8.9990334,1.61079502
96000,3,0,0.119999997,0.000199355244,2.3246042e-08,-108.082877,0.119737088
96000,3,0,1.60000002,0.00484389932,0.00208731857,-9.0180831,1.59808488
96000,3,2,0.119999997,0.000195865198,2.57234431e-08,-107.219732,0.120069227
96000,3,2,1.60000002,0.00487922169,0.00209994889,-8.98213939,1.600079
96000,7,-2,0.119999997,0.000235011324,2.84104901e-08,-106.214947,0.119967048
96000,7,-2,1.60000002,0.00493438399,0.00209041591,-8.87986745,1.5997785
96000,7,0,0.119999997,0.000239246648,2.95144034e-08,-105.922473,0.12000121
96000,7,0,1.60000002,0.00495232484,0.00210338869,-8.86476234,1.59992828
96000,7,2,0.119999997,0.000237514664,2.91262897e-08,-106.035812,0.119988942
96000,7,2,1.60000002,0.00493685026,0.00210128653,-8.87180956,1.60006341
192000,0,-2,0.119999997,0.000146196896,1.11256734e-08,-113.93438,0.120440741
192000,0,-2,1.60000002,0.00444852599,0.00189014128,-9.33102112,1.60163348
192000,0,0,0.119999997,0.000185342078,1.71090724e-08,-110.455339,0.120222971
192000,0,0,1.60000002,0.00466338268,0.00195044269,-9.31720397,1.59898643
192000,0,2,0.119999997,0.000135581337,1.98375159e-08,-109.263564,0.119676229
192000,0,2,1.60000002,0.00448410382,0.00198657127,-9.25122701,1.59774151
192000,3,-2,0.119999997,0.000180450289,2.63771332e-08,-107.045241,0.121647141
192000,3,-2,1.60000002,0.00483177803,0.00210638608,-8.9990334,1.61079502
192000,3,0,0.119999997,0.000199355244,2.3246042e-08,-108.082877,0.119737088
192000,3,0,1.60000002,0.00484389932,0.00208731857,-9.0180831,1.59808488
192000,3,2,0.119999997,0.000195865198,2.57234431e-08,-107.219732,0.120069227
192000,3,2,1.60000002,0.00487922169,0.00209994889,-8.98213939,1.600079
192000,7,-2,0.119999997,0.000235011324,2.84104901e-08,-106.214947,0.119967048
192000,7,-2,1.60000002,0.00493438399,0.00209041591,-8.87986745,1.5997785
192000,7,0,0.119999997,0.000239246648,2.95144034e-08,-105.922473,0.12000121
192000,7,0,1.60000002,0.00495232484,0.00210338869,-8.86476234,1.59992828
192000,7,2,0.119999997,0.000237514664,2.91262897e-08,-106.035812,0.119988942
192000,7,2,1.60000002,0.00493685026,0.00210128653,-8.87180956,1.60006341
