profile,input,oversampling,scenario,rate,frames,repeats,baseline_cpu_ns,mono_reuse_cpu_ns,cpu_saving_percent,saving_min_percent,saving_max_percent,baseline_elapsed_ns,mono_reuse_elapsed_ns,elapsed_saving_percent,all_four_printed_checksums_equal
standard-guitar-mono,guitar-mono,standard,bypass,48000,96000,3,23.265625,23.911458335,-2.775912252518453,-2.798298648757558,-2.753525856279393,23.37456771,23.95182292,-2.46958667711763,True
standard-guitar-mono,guitar-mono,standard,pedal,48000,96000,3,242.75520835,153.49479165,36.76972259697349,36.39425862394684,37.14518657000012,244.33290104999998,155.1571146,36.497657935863145,True
standard-guitar-mono,guitar-mono,standard,american,48000,96000,3,3009.3125,1539.9375,48.82759766557976,48.656946827556126,48.99824850360339,3037.085068,1562.6994325,48.5460763359823,True
standard-guitar-mono,guitar-mono,standard,british,48000,96000,3,2936.010417,1497.348958,49.00055703719255,48.99896048291167,49.002153591473444,2969.6530000000002,1509.427083,49.17160075604793,True
standard-guitar-mono,guitar-mono,standard,modern,48000,96000,3,546.64583335,297.6145833,45.55623309590895,45.470482876772124,45.641983315045785,553.2480469,300.55642190000003,45.674201005480306,True
standard-guitar-mono,guitar-mono,standard,compressor,48000,96000,3,23.604166665,23.859375,-1.081200360182244,-3.1774051405597525,1.0150044201952424,23.912109375,23.990671875,-0.3285469247733319,True
standard-guitar-mono,guitar-mono,standard,delay,48000,96000,3,23.208333335,23.572916665,-1.570915604914136,-2.6929981829304728,-0.4488330268977547,23.404291665,23.570531250000002,-0.7102953055768246,True
standard-guitar-mono,guitar-mono,standard,room,48000,96000,3,23.380208335,23.510416665,-0.5569168937005653,-0.6014702392086235,-0.5123635481924849,23.424692705,23.572697915,-0.6318341583555043,True
standard-guitar-mono,guitar-mono,standard,all-american,48000,96000,3,3360.8177084999998,1718.8229165,48.85700250409758,48.7615396204105,48.95246538778465,3397.4134065,1744.4414065,48.65383755881755,True
standard-guitar-mono,guitar-mono,standard,all-british,48000,96000,3,3253.4114584999998,1667.40625,48.74898944479757,48.70224365136199,48.79573523823316,3285.1955260000004,1683.5744325,48.752687041739264,True
standard-guitar-mono,guitar-mono,standard,all-modern,48000,96000,3,753.5625,393.3177083,47.80556247159326,47.7620193016505,47.84910564153604,768.2172292,396.1410625,48.43371803668993,True
standard-guitar-mono,guitar-mono,standard,automation,48000,96000,3,2359.296875,1210.828125,48.67843306069738,48.66496684525977,48.691899276134976,2385.6523435,1222.1866355000002,48.76928992482931,True
high-guitar-mono,guitar-mono,high,bypass,48000,96000,3,23.359375,23.520833335,-0.6911928722407978,-2.6532887545150485,1.2709030100334417,23.38584896,23.558380205,-0.737759169209995,True
high-guitar-mono,guitar-mono,high,pedal,48000,96000,3,465.8854167,256.671875,44.90665176470204,44.78032420026167,45.03297932914242,467.88671355,261.11653125,44.19236031114695,True
high-guitar-mono,guitar-mono,high,american,48000,96000,3,5583.734375,2811.2239584999998,49.65333646445171,49.44411642074217,49.86255650816126,5630.418406,2839.2936200000004,49.57224463151202,True
high-guitar-mono,guitar-mono,high,british,48000,96000,3,5384.213541499999,2734.078125,49.22047381801452,49.10700552867364,49.3339421073554,5418.578995,2771.3886715,48.85395831532027,True
high-guitar-mono,guitar-mono,high,modern,48000,96000,3,1010.3802085,519.765625,48.557422183512614,48.389890368680945,48.724953998344276,1018.645833,525.61892705,48.400228026064084,True
high-guitar-mono,guitar-mono,high,compressor,48000,96000,3,23.796875,23.807291665,-0.04377324753774836,-0.9411249586342763,0.8535784635587684,23.802734375,23.825302085,-0.09481141806844118,True
high-guitar-mono,guitar-mono,high,delay,48000,96000,3,23.770833335,23.453125,1.336546895611812,-0.30674845922478156,2.9798422504483835,24.055125,23.541234375000002,2.1363041139881744,True
high-guitar-mono,guitar-mono,high,room,48000,96000,3,22.958333335,23.505208335,-2.3820326677036707,-2.4954627874776536,-2.268602547929688,22.982421875,23.64149479,-2.867726119486691,True
high-guitar-mono,guitar-mono,high,all-american,48000,96000,3,6402.651042,3170.6302084999998,50.479415671706086,50.38871431281731,50.570117030594844,6528.5948385,3202.756073,50.94264306136878,True
high-guitar-mono,guitar-mono,high,all-british,48000,96000,3,6142.661458,3057.078125,50.232026526245185,50.11255808328807,50.35149496920233,6251.6653595,3087.8956200000002,50.606831261247066,True
high-guitar-mono,guitar-mono,high,all-modern,48000,96000,3,1385.859375,704.94270835,49.13317172963527,49.10874344664299,49.15760001262755,1431.91688,710.62066145,50.37277153615229,True
high-guitar-mono,guitar-mono,high,automation,48000,96000,3,4389.6875,2217.703125,49.47924823805795,49.45350134833061,49.50499512778529,4415.274739500001,2231.8253075000002,49.45217593067065,True
standard-guitar,guitar,standard,bypass,48000,96000,3,23.265625,23.692708335,-1.8356839113498946,-1.9476158495634666,-1.7237519731363449,23.551005205,24.084635415,-2.265848974831486,True
standard-guitar,guitar,standard,pedal,48000,96000,3,248.34895835,260.72916665,-4.985005124343034,-7.7323154796312465,-2.2376947690547766,253.8146667,282.6026458,-11.342125919786339,True
standard-guitar,guitar,standard,american,48000,96000,3,3079.369792,3137.921875,-1.9014307132619868,-2.0490867372904287,-1.753774689233567,3184.7569425,3283.86849,-3.112060018690088,True
standard-guitar,guitar,standard,british,48000,96000,3,2991.7760415000002,2999.057292,-0.2433755200589527,-0.9176196720338536,0.43086863191594826,3087.5889740000002,3054.885198,1.059201087819417,True
standard-guitar,guitar,standard,modern,48000,96000,3,554.3125,560.74479165,-1.1604089119404692,-1.7081970909910815,-0.612620732889857,566.38259895,572.9626770499999,-1.1617726448867938,True
standard-guitar,guitar,standard,compressor,48000,96000,3,23.885416665,24.182291665,-1.2429132142166788,-2.834714355191248,0.3488879267578904,24.641494795,24.624786460000003,0.06780568767844608,True
standard-guitar,guitar,standard,delay,48000,96000,3,23.666666665,23.6875,-0.08802817606252678,-0.9242957958397469,0.7482394437146711,24.71940104,23.830942705,3.5941742017225,True
standard-guitar,guitar,standard,room,48000,96000,3,23.682291665,23.96354167,-1.1875962384825245,-1.3855289413774674,-0.9896635355875816,23.90169271,24.09722396,-0.8180644457795871,True
standard-guitar,guitar,standard,all-american,48000,96000,3,3418.0833334999998,3394.4739584999998,0.6907197015534661,-0.11397713630378892,1.49541653941071,3551.007599,3456.6045990000002,2.658484876984901,True
standard-guitar,guitar,standard,all-british,48000,96000,3,3393.03125,3311.3385415000002,2.407661541578776,2.339660650045594,2.4756624331119803,3574.6851145,3372.6998695,5.650434612567324,True
standard-guitar,guitar,standard,all-modern,48000,96000,3,735.84895835,750.02604165,-1.926629526226331,-3.341520208866644,-0.5117388435860182,758.1286927,791.5926614499999,-4.414022193358935,True
standard-guitar,guitar,standard,automation,48000,96000,3,2409.9791665000002,2397.0364584999998,0.5370464682811771,-0.07650483147858544,1.1505977680409285,2497.754125,2439.4162290000004,2.3356140388718027,True
high-guitar,guitar,high,bypass,48000,96000,3,24.90104167,25.9375,-4.162309126403696,-11.357456597517501,3.0328383447101093,26.783640625,28.50455729,-6.42525297100085,True
high-guitar,guitar,high,pedal,48000,96000,3,496.6510417,494.76041665,0.3806747376444708,-2.8744612215317433,3.635810696820696,553.1788125,551.09027605,0.37755177942575546,True
high-guitar,guitar,high,american,48000,96000,3,5976.463542,5930.291667,0.7725618114378885,-2.4834398128082746,4.028563435684052,6745.430770999999,6610.339198,2.002712318697064,True
high-guitar,guitar,high,british,48000,96000,3,5826.505208,5723.34375,1.770554634678012,-1.235106456288615,4.776215725644639,6501.1684065,6335.063583499999,2.554999541835057,True
high-guitar,guitar,high,modern,48000,96000,3,1120.6875,1064.213542,5.039224404662324,2.865614455412413,7.212834353912223,1378.7567295,1141.3324635,17.220170964177328,True
high-guitar,guitar,high,compressor,48000,96000,3,31.4375,24.807291665,21.09012591650099,17.726971514910538,24.45328031809145,37.440541665,25.449005205,32.02821307259525,True
high-guitar,guitar,high,delay,48000,96000,3,25.90625,24.14583333,6.79533575874548,6.192199449939695,7.3984720675512765,27.596348955,24.347875000000002,11.771390339704446,True
high-guitar,guitar,high,room,48000,96000,3,24.072916665,28.609375,-18.844656001304692,-38.55473823200724,0.8654262293978809,25.748703125,29.59439583,-14.935481163189657,True
high-guitar,guitar,high,all-american,48000,96000,3,6743.135417,6695.416666499999,0.7076641287626861,-1.961099322825599,3.376427580350949,7733.416229500001,7596.1733955,1.774672795658816,True
high-guitar,guitar,high,all-british,48000,96000,3,6712.125,6441.34375,4.0342104773078535,1.305473303908966,6.7629476507067405,7625.5907085,7118.873922,6.644951268302135,True
high-guitar,guitar,high,all-modern,48000,96000,3,1551.3645835,1479.4791665,4.633689447635891,2.783168054706331,6.48421084056544,2297.0338545,1624.7775625,29.26627705913074,True
high-guitar,guitar,high,automation,48000,96000,3,4899.979167,4783.015625,2.387021209961815,1.990654728838781,2.78338769108486,5945.1137135,5760.773,3.1007096311951754,True
